feature,importance
total_items_sold,0.924536161811732
total_orders,0.02597276288866202
unique_customers,0.01027542800571635
lag_1,0.008261129292662964
lag_7,0.005723842750830093
day_of_month,0.005715066350476367
rolling_mean_7,0.005135108695081931
lag_14,0.004028421536570892
week_num,0.00359329889191755
rolling_mean_14,0.003113979773443958
month_num,0.0016445851938347764
day_of_week_num,0.0016243471675149391
year,0.0002954841340050607
is_weekend,8.038350755100553e-05
