model,MAE,RMSE
baseline_lag_1,25438.898611111115,33581.24347633855
random_forest,6656.1529422119365,15947.794520769092
